domain,network
12minutos.com,React365
20minutenews.com,Celebtricity
24aktuelles.com,React365
24x365live.com,
abcnews-us.com,Batty
abcnews.com.co,
actualite.co,React365
adobochronicles.com,
alabamaobserver.com,Batty
albertatimes.com,
alertchild.com,Celebtricity
americanflavor.news,
areyousleep.com,Celebtricity
associatedmediacoverage.com,
badcriminals.com,Celebtricity
battypost.com,Batty
bizstandardnews.com,
borderherald.com,Batty
bostonleader.com,Batty
breakingnews247.net,React365
breakingnews365.net,React365
burrardstreetjournal.com,
cartelpress.com,
cartelreport.com,Celebtricity
celebtricity.com,Celebtricity
channel22news.com,Channel23
channel23news.com,Channel23
channel24news.com,Channel23
channel28news.com,Channel23
channel33news.com,Channel23
channel34news.com,Channel23
channel40news.com,Channel23
channel45news.com,Channel23
channel46news.com,Channel23
channel5000.com,Celebtricity
channel55news.com,Channel23
channel56news.com,Channel23
channel59news.com,Channel23
channel60news.com,Channel23
channel62news.com,Channel23
channel63news.com,Channel23
channel65news.com,Channel23
channel66news.com,Channel23
channel68news.com,Channel23
channel77news.com,Channel23
civictribune.com,
cnn-globalnews.com,Batty
cnn-internationaledition.com,Batty
cnn.com.de,
cnoticias.net,React365
countyweekly.com,Batty
dailycurrant.com,
dailyfinesser.com,
dailyworldupdate.com,Busta
dallastimes.us,Batty
denverinquirer.com,Batty
drugsofficial.com,Celebtricity
dublintribune.com,Batty
empireherald.com,
empirenews.net,
empiresports.co,
en-bref.fr,React365
everydaybreakingnews.com,Celebtricity
fedsalert.com,Celebtricity
floridasunpost.com,Batty
folksvideo.com,Celebtricity
freddymag.com,
freeinquirer.com,Batty
freewoodpost.com,
globalassociatednews.com,
heaviermetal.net,
hotglobalnews.com,
houstonchronicle-tv.com,
houstonleader.com,
huzlers.com,
jacksontelegraph.com,Batty
jokerviral.com,Celebtricity
journaldemourreal.com,
ladiesofliberty.net,Busta
mediamass.net,
mississippiherald.com,Batty
mrnewswatch.com,Celebtricity
msnbc.website,
nachrichten.de.com,React365
nachrichten365.com,React365
nationalreport.net,
ncscooper.com,
neonnettle.com,
net-infosnews.com,React365
newjournal.us,Batty
news4ktla.com,
newsbuzzdaily.com,
newsconservative.com,
newsexaminer.net,
newsfeedhunter.com,
newshubs.info,
newslo.com,
newspunch.com,
newswatch33.com,
notallowedto.com,
noticias-frescas.com,React365
notizzia.com,React365
now8news.com,
nymeta.co,
persecutes.com,Celebtricity
politicot.com,
potatriotpost.com,Busta
pressunion.org,Batty
qualitysharing.com,Celebtricity
react365.com,React365
reaganwasright.com,Busta
realnewsrightnow.com,
redcountry.us,
redinfo.us,
rilenews.com,
satiratribune.com,
scaryhours.com,Celebtricity
scrapetv.com,
smhwtfnews.com,Celebtricity
straightstoned.com,
stuppid.com,
sundayinquirer.com,Batty
sundaypost.org,Batty
superstation95.com,
surreytelegraph.com,Batty
sydneybulletin.com,Batty
telegraphsun.com,Batty
thebostontribune.com,
thebreakingnews.co,React365
thefrt.com,Celebtricity
thelastlineofdefense.online,Busta
thelastlineofdefense.org,Busta
thenationalsun.com,
thenewsnerd.com,
thenewyorkevening.com,
thenochill.com,
theracketreport.com,
thereporterz.com,
theseattletribune.com,
thevalleyreport.com,
timesofcambodia.com,Batty
tmzbreaking.com,Celebtricity
tmzcomedy.com,Celebtricity
tmzhiphop.com,Celebtricity
tmzuncut.com,Celebtricity
tmzworldnews.com,Celebtricity
tmzworldstar.com,Celebtricity
tmzworldstarnews.com,Celebtricity
toutelinfo.fr,React365
undergroundnewsreport.com,
unitedmediapublishing.com,
unitednews.org,Batty
usadailytime.com,
uspoln.com,
vancouverinquirer.com,Batty
viralactions.com,Celebtricity
viraldevil.com,Celebtricity
viralmugshot.com,Celebtricity
viralpropaganda.com,Celebtricity
viralspeech.com,Celebtricity
viralstupid.com,Celebtricity
washingtonevening.com,
weconservative.com,
weekendherald.com,Batty
witscience.org,
worldnewsdailyreport.com,
yournewswire.com,
